timestamp, memory.used [MiB]
2025/11/06 18:27:44.925, 0 MiB
2025/11/06 18:27:45.965, 0 MiB
2025/11/06 18:27:47.004, 0 MiB
2025/11/06 18:27:48.043, 0 MiB
2025/11/06 18:27:49.082, 0 MiB
2025/11/06 18:27:50.121, 0 MiB
2025/11/06 18:27:51.161, 0 MiB
2025/11/06 18:27:52.200, 0 MiB
2025/11/06 18:27:53.240, 0 MiB
2025/11/06 18:27:54.278, 0 MiB
2025/11/06 18:27:55.317, 0 MiB
2025/11/06 18:27:56.357, 0 MiB
2025/11/06 18:27:57.397, 0 MiB
2025/11/06 18:27:58.437, 0 MiB
2025/11/06 18:27:59.477, 0 MiB
2025/11/06 18:28:00.518, 0 MiB
2025/11/06 18:28:01.558, 0 MiB
2025/11/06 18:28:02.597, 0 MiB
2025/11/06 18:28:03.637, 0 MiB
2025/11/06 18:28:04.676, 0 MiB
2025/11/06 18:28:05.716, 0 MiB
2025/11/06 18:28:06.755, 0 MiB
2025/11/06 18:28:07.794, 0 MiB
2025/11/06 18:28:08.833, 0 MiB
2025/11/06 18:28:09.873, 0 MiB
2025/11/06 18:28:10.913, 0 MiB
2025/11/06 18:28:11.952, 0 MiB
2025/11/06 18:28:12.991, 0 MiB
2025/11/06 18:28:14.031, 0 MiB
2025/11/06 18:28:13.865, 0 MiB
2025/11/06 18:28:14.904, 0 MiB
2025/11/06 18:28:15.943, 0 MiB
2025/11/06 18:28:16.982, 0 MiB
2025/11/06 18:28:18.021, 0 MiB
2025/11/06 18:28:19.060, 0 MiB
2025/11/06 18:28:20.099, 0 MiB
2025/11/06 18:28:21.139, 0 MiB
2025/11/06 18:28:22.178, 0 MiB
2025/11/06 18:28:23.217, 0 MiB
2025/11/06 18:28:24.256, 0 MiB
2025/11/06 18:28:25.295, 0 MiB
2025/11/06 18:28:26.334, 0 MiB
2025/11/06 18:28:27.373, 0 MiB
2025/11/06 18:28:28.412, 0 MiB
2025/11/06 18:28:29.451, 0 MiB
2025/11/06 18:28:30.491, 0 MiB
2025/11/06 18:28:31.530, 0 MiB
2025/11/06 18:28:32.570, 0 MiB
2025/11/06 18:28:33.609, 0 MiB
2025/11/06 18:28:34.649, 0 MiB
2025/11/06 18:28:35.688, 0 MiB
2025/11/06 18:28:36.728, 0 MiB
2025/11/06 18:28:37.767, 0 MiB
2025/11/06 18:28:38.806, 0 MiB
2025/11/06 18:28:39.845, 0 MiB
2025/11/06 18:28:40.885, 0 MiB
2025/11/06 18:28:41.924, 0 MiB
2025/11/06 18:28:42.964, 0 MiB
2025/11/06 18:28:44.003, 0 MiB
2025/11/06 18:28:45.043, 0 MiB
2025/11/06 18:28:44.884, 0 MiB
2025/11/06 18:28:45.923, 0 MiB
2025/11/06 18:28:46.962, 0 MiB
2025/11/06 18:28:48.001, 0 MiB
2025/11/06 18:28:49.040, 0 MiB
2025/11/06 18:28:50.079, 0 MiB
2025/11/06 18:28:51.118, 0 MiB
2025/11/06 18:28:52.157, 0 MiB
2025/11/06 18:28:53.197, 0 MiB
2025/11/06 18:28:54.236, 0 MiB
2025/11/06 18:28:55.277, 0 MiB
2025/11/06 18:28:56.317, 0 MiB
2025/11/06 18:28:57.357, 0 MiB
2025/11/06 18:28:58.397, 0 MiB
2025/11/06 18:28:59.437, 0 MiB
2025/11/06 18:29:00.477, 0 MiB
2025/11/06 18:29:01.517, 0 MiB
2025/11/06 18:29:02.558, 0 MiB
2025/11/06 18:29:03.599, 0 MiB
2025/11/06 18:29:04.640, 0 MiB
2025/11/06 18:29:05.682, 0 MiB
2025/11/06 18:29:06.724, 0 MiB
2025/11/06 18:29:07.765, 0 MiB
2025/11/06 18:29:08.807, 0 MiB
2025/11/06 18:29:09.849, 0 MiB
2025/11/06 18:29:10.889, 0 MiB
2025/11/06 18:29:11.928, 0 MiB
2025/11/06 18:29:12.967, 0 MiB
2025/11/06 18:29:14.007, 0 MiB
2025/11/06 18:29:15.047, 0 MiB
2025/11/06 18:29:16.087, 0 MiB
2025/11/06 18:29:15.905, 0 MiB
2025/11/06 18:29:16.945, 0 MiB
2025/11/06 18:29:17.985, 0 MiB
2025/11/06 18:29:19.021, 0 MiB
2025/11/06 18:29:20.057, 0 MiB
2025/11/06 18:29:21.093, 0 MiB
2025/11/06 18:29:22.129, 0 MiB
2025/11/06 18:29:23.165, 0 MiB
2025/11/06 18:29:24.202, 0 MiB
2025/11/06 18:29:25.238, 0 MiB
2025/11/06 18:29:26.274, 0 MiB
2025/11/06 18:29:27.321, 0 MiB
2025/11/06 18:29:28.367, 0 MiB
2025/11/06 18:29:29.412, 0 MiB
2025/11/06 18:29:30.458, 0 MiB
2025/11/06 18:29:31.504, 0 MiB
2025/11/06 18:29:32.550, 0 MiB
2025/11/06 18:29:33.597, 0 MiB
2025/11/06 18:29:34.642, 0 MiB
2025/11/06 18:29:35.683, 0 MiB
2025/11/06 18:29:36.724, 0 MiB
2025/11/06 18:29:37.765, 0 MiB
2025/11/06 18:29:38.807, 0 MiB
2025/11/06 18:29:39.849, 0 MiB
2025/11/06 18:29:40.891, 0 MiB
2025/11/06 18:29:41.932, 0 MiB
2025/11/06 18:29:42.973, 0 MiB
2025/11/06 18:29:44.011, 0 MiB
2025/11/06 18:29:45.050, 0 MiB
2025/11/06 18:29:46.089, 0 MiB
2025/11/06 18:29:47.128, 0 MiB
2025/11/06 18:29:46.932, 0 MiB
2025/11/06 18:29:47.971, 0 MiB
2025/11/06 18:29:49.010, 0 MiB
2025/11/06 18:29:50.048, 0 MiB
2025/11/06 18:29:51.087, 0 MiB
2025/11/06 18:29:52.125, 0 MiB
2025/11/06 18:29:53.164, 0 MiB
2025/11/06 18:29:54.204, 0 MiB
2025/11/06 18:29:55.243, 0 MiB
2025/11/06 18:29:56.282, 0 MiB
2025/11/06 18:29:57.322, 0 MiB
2025/11/06 18:29:58.361, 0 MiB
2025/11/06 18:29:59.401, 0 MiB
2025/11/06 18:30:00.440, 0 MiB
2025/11/06 18:30:01.480, 0 MiB
2025/11/06 18:30:02.520, 0 MiB
2025/11/06 18:30:03.559, 0 MiB
2025/11/06 18:30:04.598, 0 MiB
2025/11/06 18:30:05.638, 0 MiB
2025/11/06 18:30:06.677, 0 MiB
2025/11/06 18:30:07.716, 0 MiB
2025/11/06 18:30:08.756, 0 MiB
2025/11/06 18:30:09.795, 0 MiB
2025/11/06 18:30:10.835, 0 MiB
2025/11/06 18:30:11.875, 0 MiB
2025/11/06 18:30:12.915, 0 MiB
2025/11/06 18:30:13.954, 0 MiB
2025/11/06 18:30:14.994, 0 MiB
2025/11/06 18:30:16.034, 0 MiB
2025/11/06 18:30:17.073, 0 MiB
2025/11/06 18:30:18.112, 0 MiB
2025/11/06 18:30:17.957, 0 MiB
2025/11/06 18:30:18.996, 0 MiB
2025/11/06 18:30:20.035, 0 MiB
2025/11/06 18:30:21.075, 0 MiB
2025/11/06 18:30:22.114, 0 MiB
2025/11/06 18:30:23.153, 0 MiB
2025/11/06 18:30:24.193, 0 MiB
2025/11/06 18:30:25.232, 0 MiB
2025/11/06 18:30:26.271, 0 MiB
2025/11/06 18:30:27.310, 0 MiB
2025/11/06 18:30:28.350, 0 MiB
2025/11/06 18:30:29.389, 0 MiB
2025/11/06 18:30:30.429, 0 MiB
2025/11/06 18:30:31.469, 0 MiB
2025/11/06 18:30:32.509, 0 MiB
2025/11/06 18:30:33.548, 0 MiB
2025/11/06 18:30:34.588, 0 MiB
2025/11/06 18:30:35.627, 0 MiB
2025/11/06 18:30:36.666, 0 MiB
2025/11/06 18:30:37.706, 0 MiB
2025/11/06 18:30:38.746, 0 MiB
2025/11/06 18:30:39.786, 0 MiB
2025/11/06 18:30:40.825, 0 MiB
2025/11/06 18:30:41.865, 0 MiB
2025/11/06 18:30:42.904, 0 MiB
2025/11/06 18:30:43.944, 0 MiB
2025/11/06 18:30:44.983, 0 MiB
2025/11/06 18:30:46.022, 0 MiB
2025/11/06 18:30:47.062, 0 MiB
2025/11/06 18:30:48.102, 0 MiB
2025/11/06 18:30:49.141, 0 MiB
2025/11/06 18:30:50.180, 0 MiB
2025/11/06 18:30:51.219, 0 MiB
2025/11/06 18:30:52.258, 0 MiB
2025/11/06 18:30:53.297, 0 MiB
2025/11/06 18:30:54.336, 0 MiB
2025/11/06 18:30:55.375, 0 MiB
2025/11/06 18:30:56.414, 0 MiB
2025/11/06 18:30:57.453, 0 MiB
2025/11/06 18:30:58.491, 0 MiB
2025/11/06 18:30:59.529, 0 MiB
2025/11/06 18:31:00.566, 0 MiB
2025/11/06 18:31:01.604, 0 MiB
2025/11/06 18:31:02.642, 0 MiB
2025/11/06 18:31:03.679, 0 MiB
2025/11/06 18:31:04.717, 0 MiB
2025/11/06 18:31:04.003, 0 MiB
2025/11/06 18:31:05.040, 0 MiB
2025/11/06 18:31:06.074, 0 MiB
2025/11/06 18:31:07.109, 0 MiB
2025/11/06 18:31:08.142, 0 MiB
2025/11/06 18:31:09.177, 0 MiB
2025/11/06 18:31:10.211, 0 MiB
2025/11/06 18:31:11.246, 0 MiB
2025/11/06 18:31:12.280, 0 MiB
2025/11/06 18:31:13.313, 0 MiB
2025/11/06 18:31:14.352, 0 MiB
2025/11/06 18:31:15.392, 0 MiB
2025/11/06 18:31:16.432, 0 MiB
2025/11/06 18:31:17.471, 0 MiB
2025/11/06 18:31:18.511, 931 MiB
2025/11/06 18:31:19.550, 985 MiB
2025/11/06 18:31:20.590, 1157 MiB
2025/11/06 18:31:21.629, 2321 MiB
2025/11/06 18:31:22.669, 2321 MiB
2025/11/06 18:31:23.709, 2321 MiB
2025/11/06 18:31:24.749, 2321 MiB
2025/11/06 18:31:25.789, 2321 MiB
2025/11/06 18:31:26.829, 2321 MiB
2025/11/06 18:31:27.868, 2321 MiB
2025/11/06 18:31:28.908, 2321 MiB
2025/11/06 18:31:29.947, 2321 MiB
2025/11/06 18:31:30.987, 2321 MiB
2025/11/06 18:31:32.026, 2321 MiB
2025/11/06 18:31:33.066, 2321 MiB
2025/11/06 18:31:34.107, 2321 MiB
2025/11/06 18:31:35.146, 2321 MiB
2025/11/06 18:31:35.026, 2321 MiB
2025/11/06 18:31:36.067, 2321 MiB
2025/11/06 18:31:37.107, 2321 MiB
2025/11/06 18:31:38.147, 2321 MiB
2025/11/06 18:31:39.187, 2321 MiB
2025/11/06 18:31:40.227, 2321 MiB
2025/11/06 18:31:41.267, 2321 MiB
2025/11/06 18:31:42.308, 2321 MiB
2025/11/06 18:31:43.348, 2321 MiB
2025/11/06 18:31:44.388, 2321 MiB
2025/11/06 18:31:45.427, 2321 MiB
2025/11/06 18:31:46.468, 2321 MiB
2025/11/06 18:31:47.507, 2321 MiB
2025/11/06 18:31:48.547, 2321 MiB
2025/11/06 18:31:49.587, 2321 MiB
2025/11/06 18:31:50.627, 2321 MiB
2025/11/06 18:31:51.666, 2321 MiB
2025/11/06 18:31:52.706, 2321 MiB
2025/11/06 18:31:53.745, 2321 MiB
2025/11/06 18:31:54.785, 2321 MiB
2025/11/06 18:31:55.824, 2321 MiB
2025/11/06 18:31:56.864, 2321 MiB
2025/11/06 18:31:57.903, 2321 MiB
2025/11/06 18:31:58.942, 2321 MiB
2025/11/06 18:31:59.981, 2321 MiB
2025/11/06 18:32:01.020, 2321 MiB
2025/11/06 18:32:02.060, 2321 MiB
2025/11/06 18:32:03.099, 2321 MiB
2025/11/06 18:32:04.139, 2321 MiB
2025/11/06 18:32:05.178, 2321 MiB
2025/11/06 18:32:06.218, 2321 MiB
2025/11/06 18:32:06.051, 2321 MiB
2025/11/06 18:32:07.090, 2321 MiB
2025/11/06 18:32:08.130, 2321 MiB
2025/11/06 18:32:09.169, 2321 MiB
2025/11/06 18:32:10.208, 2321 MiB
2025/11/06 18:32:11.248, 2321 MiB
2025/11/06 18:32:12.288, 2321 MiB
2025/11/06 18:32:13.327, 2321 MiB
2025/11/06 18:32:14.367, 2321 MiB
2025/11/06 18:32:15.407, 2321 MiB
2025/11/06 18:32:16.446, 2321 MiB
2025/11/06 18:32:17.486, 2321 MiB
2025/11/06 18:32:18.526, 2321 MiB
2025/11/06 18:32:19.565, 2321 MiB
2025/11/06 18:32:20.604, 2321 MiB
2025/11/06 18:32:21.644, 2321 MiB
2025/11/06 18:32:22.683, 2321 MiB
2025/11/06 18:32:23.723, 2321 MiB
2025/11/06 18:32:24.763, 2321 MiB
2025/11/06 18:32:25.802, 2321 MiB
2025/11/06 18:32:26.842, 2321 MiB
2025/11/06 18:32:27.882, 2321 MiB
2025/11/06 18:32:28.921, 2321 MiB
2025/11/06 18:32:29.960, 2321 MiB
2025/11/06 18:32:31.000, 2321 MiB
2025/11/06 18:32:32.039, 2321 MiB
2025/11/06 18:32:33.079, 2321 MiB
2025/11/06 18:32:34.118, 2321 MiB
2025/11/06 18:32:35.157, 2321 MiB
2025/11/06 18:32:36.196, 2321 MiB
2025/11/06 18:32:37.235, 2321 MiB
2025/11/06 18:32:37.078, 2321 MiB
2025/11/06 18:32:38.118, 2321 MiB
2025/11/06 18:32:39.157, 2321 MiB
2025/11/06 18:32:40.197, 2321 MiB
2025/11/06 18:32:41.236, 2321 MiB
2025/11/06 18:32:42.275, 2321 MiB
2025/11/06 18:32:43.314, 2321 MiB
2025/11/06 18:32:44.353, 2321 MiB
2025/11/06 18:32:45.392, 2321 MiB
2025/11/06 18:32:46.432, 2321 MiB
2025/11/06 18:32:47.471, 2321 MiB
2025/11/06 18:32:48.511, 2321 MiB
2025/11/06 18:32:49.550, 2321 MiB
2025/11/06 18:32:50.589, 2321 MiB
2025/11/06 18:32:51.629, 2321 MiB
2025/11/06 18:32:52.668, 2321 MiB
2025/11/06 18:32:53.707, 2321 MiB
2025/11/06 18:32:54.747, 2321 MiB
2025/11/06 18:32:55.786, 2321 MiB
2025/11/06 18:32:56.826, 2321 MiB
2025/11/06 18:32:57.865, 2321 MiB
2025/11/06 18:32:58.905, 2321 MiB
2025/11/06 18:32:59.944, 2321 MiB
2025/11/06 18:33:00.983, 2321 MiB
2025/11/06 18:33:02.023, 2321 MiB
2025/11/06 18:33:03.063, 2321 MiB
2025/11/06 18:33:04.103, 2321 MiB
2025/11/06 18:33:05.143, 2321 MiB
2025/11/06 18:33:06.182, 2321 MiB
2025/11/06 18:33:07.222, 2321 MiB
2025/11/06 18:33:08.261, 2321 MiB
2025/11/06 18:33:08.102, 2321 MiB
2025/11/06 18:33:09.142, 2321 MiB
2025/11/06 18:33:10.182, 2321 MiB
2025/11/06 18:33:11.221, 2321 MiB
2025/11/06 18:33:12.261, 2321 MiB
2025/11/06 18:33:13.301, 2321 MiB
2025/11/06 18:33:14.340, 2321 MiB
2025/11/06 18:33:15.380, 2321 MiB
2025/11/06 18:33:16.419, 2321 MiB
2025/11/06 18:33:17.458, 2321 MiB
2025/11/06 18:33:18.497, 2321 MiB
2025/11/06 18:33:19.538, 2321 MiB
2025/11/06 18:33:20.578, 2321 MiB
2025/11/06 18:33:21.617, 2321 MiB
2025/11/06 18:33:22.657, 2321 MiB
2025/11/06 18:33:23.697, 2321 MiB
2025/11/06 18:33:24.736, 2321 MiB
2025/11/06 18:33:25.776, 2321 MiB
2025/11/06 18:33:26.816, 2321 MiB
2025/11/06 18:33:27.855, 2321 MiB
2025/11/06 18:33:28.894, 2321 MiB
2025/11/06 18:33:29.933, 2321 MiB
2025/11/06 18:33:30.972, 2321 MiB
2025/11/06 18:33:32.012, 2321 MiB
2025/11/06 18:33:33.052, 2321 MiB
2025/11/06 18:33:34.093, 2321 MiB
2025/11/06 18:33:35.134, 2321 MiB
2025/11/06 18:33:36.175, 2321 MiB
2025/11/06 18:33:37.217, 2321 MiB
2025/11/06 18:33:38.257, 2321 MiB
2025/11/06 18:33:39.298, 2321 MiB
2025/11/06 18:33:39.130, 2321 MiB
2025/11/06 18:33:40.171, 2321 MiB
2025/11/06 18:33:41.211, 2321 MiB
2025/11/06 18:33:42.251, 2321 MiB
2025/11/06 18:33:43.291, 2321 MiB
2025/11/06 18:33:44.330, 2321 MiB
2025/11/06 18:33:45.370, 2321 MiB
2025/11/06 18:33:46.409, 2321 MiB
2025/11/06 18:33:47.448, 2321 MiB
2025/11/06 18:33:48.487, 2321 MiB
2025/11/06 18:33:49.528, 2321 MiB
2025/11/06 18:33:50.569, 2321 MiB
2025/11/06 18:33:51.610, 2321 MiB
2025/11/06 18:33:52.651, 2321 MiB
2025/11/06 18:33:53.692, 2321 MiB
2025/11/06 18:33:54.733, 2321 MiB
2025/11/06 18:33:55.774, 2321 MiB
2025/11/06 18:33:56.815, 2321 MiB
2025/11/06 18:33:57.857, 2321 MiB
2025/11/06 18:33:58.898, 2321 MiB
2025/11/06 18:33:59.941, 2321 MiB
2025/11/06 18:34:00.983, 2321 MiB
2025/11/06 18:34:02.025, 2321 MiB
2025/11/06 18:34:03.067, 2321 MiB
2025/11/06 18:34:04.109, 2321 MiB
2025/11/06 18:34:05.152, 2321 MiB
2025/11/06 18:34:06.192, 2321 MiB
2025/11/06 18:34:07.231, 2321 MiB
2025/11/06 18:34:08.270, 2321 MiB
2025/11/06 18:34:09.309, 2321 MiB
2025/11/06 18:34:10.347, 2321 MiB
2025/11/06 18:34:10.153, 2321 MiB
2025/11/06 18:34:11.192, 2321 MiB
2025/11/06 18:34:12.232, 2321 MiB
2025/11/06 18:34:13.271, 2321 MiB
2025/11/06 18:34:14.311, 2321 MiB
2025/11/06 18:34:15.350, 2321 MiB
2025/11/06 18:34:16.389, 2321 MiB
2025/11/06 18:34:17.428, 2321 MiB
2025/11/06 18:34:18.467, 2321 MiB
2025/11/06 18:34:19.507, 2321 MiB
2025/11/06 18:34:20.547, 2321 MiB
2025/11/06 18:34:21.587, 2321 MiB
2025/11/06 18:34:22.626, 2321 MiB
2025/11/06 18:34:23.665, 2321 MiB
2025/11/06 18:34:24.704, 2321 MiB
2025/11/06 18:34:25.743, 2321 MiB
2025/11/06 18:34:26.783, 2321 MiB
2025/11/06 18:34:27.823, 2321 MiB
2025/11/06 18:34:28.862, 2321 MiB
2025/11/06 18:34:29.901, 2321 MiB
2025/11/06 18:34:30.940, 2321 MiB
2025/11/06 18:34:31.979, 2321 MiB
2025/11/06 18:34:33.019, 2321 MiB
2025/11/06 18:34:34.058, 2321 MiB
2025/11/06 18:34:35.097, 2321 MiB
2025/11/06 18:34:36.137, 2321 MiB
2025/11/06 18:34:37.176, 2321 MiB
2025/11/06 18:34:38.215, 2321 MiB
2025/11/06 18:34:39.254, 2321 MiB
2025/11/06 18:34:40.293, 2321 MiB
2025/11/06 18:34:41.332, 2321 MiB
2025/11/06 18:34:41.173, 2321 MiB
2025/11/06 18:34:42.212, 2321 MiB
2025/11/06 18:34:43.252, 2321 MiB
2025/11/06 18:34:44.292, 2321 MiB
2025/11/06 18:34:45.332, 2321 MiB
2025/11/06 18:34:46.372, 2321 MiB
2025/11/06 18:34:47.411, 2321 MiB
2025/11/06 18:34:48.450, 2321 MiB
2025/11/06 18:34:49.489, 2321 MiB
2025/11/06 18:34:50.528, 2321 MiB
2025/11/06 18:34:51.568, 2321 MiB
2025/11/06 18:34:52.607, 2321 MiB
2025/11/06 18:34:53.646, 2321 MiB
2025/11/06 18:34:54.686, 2321 MiB
2025/11/06 18:34:55.725, 2321 MiB
2025/11/06 18:34:56.765, 2321 MiB
2025/11/06 18:34:57.805, 2321 MiB
2025/11/06 18:34:58.844, 2321 MiB
2025/11/06 18:34:59.884, 2321 MiB
2025/11/06 18:35:00.923, 2321 MiB
2025/11/06 18:35:01.963, 2321 MiB
2025/11/06 18:35:03.003, 2321 MiB
2025/11/06 18:35:04.041, 2321 MiB
2025/11/06 18:35:05.081, 2321 MiB
2025/11/06 18:35:06.120, 2321 MiB
2025/11/06 18:35:07.160, 2321 MiB
2025/11/06 18:35:08.200, 2321 MiB
2025/11/06 18:35:09.239, 2321 MiB
2025/11/06 18:35:10.279, 2321 MiB
2025/11/06 18:35:11.319, 2321 MiB
2025/11/06 18:35:12.358, 2321 MiB
2025/11/06 18:35:12.197, 2321 MiB
2025/11/06 18:35:13.236, 2321 MiB
2025/11/06 18:35:14.275, 2321 MiB
2025/11/06 18:35:15.314, 2321 MiB
2025/11/06 18:35:16.353, 2321 MiB
2025/11/06 18:35:17.393, 2321 MiB
2025/11/06 18:35:18.432, 2321 MiB
2025/11/06 18:35:19.472, 2321 MiB
2025/11/06 18:35:20.512, 2321 MiB
2025/11/06 18:35:21.553, 2321 MiB
2025/11/06 18:35:22.592, 2321 MiB
2025/11/06 18:35:23.632, 2321 MiB
2025/11/06 18:35:24.672, 2321 MiB
2025/11/06 18:35:25.712, 2321 MiB
2025/11/06 18:35:26.752, 2321 MiB
2025/11/06 18:35:27.792, 2321 MiB
2025/11/06 18:35:28.832, 2321 MiB
2025/11/06 18:35:29.873, 2321 MiB
2025/11/06 18:35:30.913, 2321 MiB
2025/11/06 18:35:31.954, 2321 MiB
2025/11/06 18:35:32.994, 2321 MiB
2025/11/06 18:35:34.035, 2321 MiB
2025/11/06 18:35:35.075, 2321 MiB
2025/11/06 18:35:36.116, 2321 MiB
2025/11/06 18:35:37.157, 2321 MiB
2025/11/06 18:35:38.197, 2321 MiB
2025/11/06 18:35:39.238, 2321 MiB
2025/11/06 18:35:40.278, 2321 MiB
2025/11/06 18:35:41.318, 2321 MiB
2025/11/06 18:35:42.358, 2321 MiB
2025/11/06 18:35:43.398, 2321 MiB
2025/11/06 18:35:43.220, 2321 MiB
2025/11/06 18:35:44.260, 2321 MiB
2025/11/06 18:35:45.300, 2321 MiB
2025/11/06 18:35:46.338, 2321 MiB
2025/11/06 18:35:47.377, 2321 MiB
2025/11/06 18:35:48.416, 2321 MiB
2025/11/06 18:35:49.455, 2321 MiB
2025/11/06 18:35:50.495, 2321 MiB
2025/11/06 18:35:51.533, 2321 MiB
2025/11/06 18:35:52.572, 2321 MiB
2025/11/06 18:35:53.616, 2321 MiB
2025/11/06 18:35:54.661, 2321 MiB
2025/11/06 18:35:55.705, 2321 MiB
2025/11/06 18:35:56.749, 2321 MiB
2025/11/06 18:35:57.793, 2321 MiB
2025/11/06 18:35:58.838, 2321 MiB
2025/11/06 18:35:59.882, 2321 MiB
2025/11/06 18:36:00.926, 2321 MiB
2025/11/06 18:36:01.969, 2321 MiB
2025/11/06 18:36:03.012, 2321 MiB
2025/11/06 18:36:04.055, 2321 MiB
2025/11/06 18:36:05.098, 2321 MiB
2025/11/06 18:36:06.142, 2321 MiB
2025/11/06 18:36:07.184, 2321 MiB
2025/11/06 18:36:08.228, 2321 MiB
2025/11/06 18:36:09.271, 2321 MiB
2025/11/06 18:36:10.310, 2321 MiB
2025/11/06 18:36:11.349, 2321 MiB
2025/11/06 18:36:12.389, 2321 MiB
2025/11/06 18:36:13.428, 2321 MiB
2025/11/06 18:36:14.468, 2321 MiB
2025/11/06 18:36:14.247, 2321 MiB
2025/11/06 18:36:15.286, 2321 MiB
2025/11/06 18:36:16.326, 2321 MiB
2025/11/06 18:36:17.365, 2321 MiB
2025/11/06 18:36:18.405, 2321 MiB
2025/11/06 18:36:19.445, 2321 MiB
2025/11/06 18:36:20.485, 2321 MiB
2025/11/06 18:36:21.525, 2321 MiB
2025/11/06 18:36:22.564, 2321 MiB
2025/11/06 18:36:23.604, 2321 MiB
2025/11/06 18:36:24.643, 2321 MiB
2025/11/06 18:36:25.683, 2321 MiB
2025/11/06 18:36:26.723, 2321 MiB
2025/11/06 18:36:27.763, 2321 MiB
2025/11/06 18:36:28.802, 2321 MiB
2025/11/06 18:36:29.842, 2321 MiB
2025/11/06 18:36:30.882, 2321 MiB
2025/11/06 18:36:31.922, 2321 MiB
2025/11/06 18:36:32.962, 2321 MiB
2025/11/06 18:36:34.002, 2321 MiB
2025/11/06 18:36:35.042, 2321 MiB
2025/11/06 18:36:36.081, 2321 MiB
2025/11/06 18:36:37.121, 2321 MiB
2025/11/06 18:36:38.160, 2321 MiB
2025/11/06 18:36:39.200, 2321 MiB
2025/11/06 18:36:40.240, 2321 MiB
2025/11/06 18:36:41.279, 2321 MiB
2025/11/06 18:36:42.319, 2321 MiB
2025/11/06 18:36:43.358, 2321 MiB
2025/11/06 18:36:44.398, 2321 MiB
2025/11/06 18:36:45.438, 2321 MiB
2025/11/06 18:36:45.275, 2321 MiB
2025/11/06 18:36:46.315, 2321 MiB
2025/11/06 18:36:47.355, 2321 MiB
2025/11/06 18:36:48.394, 2321 MiB
2025/11/06 18:36:49.433, 2321 MiB
2025/11/06 18:36:50.473, 2321 MiB
2025/11/06 18:36:51.513, 2321 MiB
2025/11/06 18:36:52.553, 2321 MiB
2025/11/06 18:36:53.593, 2321 MiB
2025/11/06 18:36:54.632, 2321 MiB
2025/11/06 18:36:55.672, 2321 MiB
2025/11/06 18:36:56.712, 2321 MiB
2025/11/06 18:36:57.752, 2321 MiB
2025/11/06 18:36:58.792, 2321 MiB
2025/11/06 18:36:59.832, 2321 MiB
2025/11/06 18:37:00.871, 2321 MiB
2025/11/06 18:37:01.911, 2321 MiB
2025/11/06 18:37:02.951, 2321 MiB
2025/11/06 18:37:03.990, 2321 MiB
2025/11/06 18:37:05.030, 2321 MiB
2025/11/06 18:37:06.069, 2321 MiB
2025/11/06 18:37:07.109, 2321 MiB
2025/11/06 18:37:08.149, 2321 MiB
2025/11/06 18:37:09.189, 2321 MiB
2025/11/06 18:37:10.229, 2321 MiB
2025/11/06 18:37:11.269, 2321 MiB
2025/11/06 18:37:12.309, 2321 MiB
2025/11/06 18:37:13.349, 2321 MiB
2025/11/06 18:37:14.389, 2321 MiB
2025/11/06 18:37:15.429, 2321 MiB
2025/11/06 18:37:16.469, 2321 MiB
2025/11/06 18:37:16.302, 2321 MiB
2025/11/06 18:37:17.342, 2321 MiB
2025/11/06 18:37:18.381, 2321 MiB
2025/11/06 18:37:19.421, 2321 MiB
2025/11/06 18:37:20.460, 2321 MiB
2025/11/06 18:37:21.500, 2321 MiB
2025/11/06 18:37:22.540, 0 MiB
2025/11/06 18:37:23.580, 0 MiB
2025/11/06 18:37:24.620, 0 MiB
2025/11/06 18:37:25.661, 0 MiB
2025/11/06 18:37:26.700, 0 MiB
2025/11/06 18:37:27.740, 0 MiB
2025/11/06 18:37:28.780, 0 MiB
                                                                                                                                                                                                                                                                                                                                                                                                                                                                                                                                                                                                                                                                                                                                                                                                                                                                                                                                                                                                                                                                                                                                                                                                                                                                                                                                                                                                                                                                                                                                                                                                                                                                                                                                                                                                                                                                                                                                                                                                                                                                                                                                                                                                                                                                                                                                                                                                                                                                                                                                                                                                                                                                                                                                                                                                                                                                                                                                                                                                                                                                                                                                                                                                                                                                                                                                                                                                                                                                                                                                                                                                                                                                                                                                                                                                                                                                                                                                                                                                                                                                                                                                                                                                                                                                                                                                                                                                                                                                                                                                                                                                                                                                                                                                                                                                                                                                                                                                                                                                                                                                                                                                                                                                                                                                                                                                                                                                                                                                                                                                                                                                                                                                                                                                                                                                                                                                                                                                                                                                                                                                                                                                                                                                                                                                                                                                                                                                                                                                                                                                                                                                                                                                                                                                                                                                                                                                                                                                                                                                                                                                                                                                                                                                                                                                                                                                                                                                                                                                                                                                                                                                                                                                                                                                                                                                                                                                                                                                                                                                                                                                                                                                                                                                                                                                                                                                                                                                                                                                                                                                                                                                                                                                                                                                                                                                                                                                                                                                                                                                                                                                                                                                                                                                                                                                                                                                                                                                                                                                                                                                                                                                                                                                                                                                                                                                                                                                                                                                                                                                                                                                                                                                                                                                                                                                                                                                                                                                                                                                                                                                                                                                                                                                                                                                                                                                                                                                                                                                                                                                                                                                                                                                                                                                                                                                                                                                                                                                                                                                                                                                                                                                                                                                                                                                                                                                                                                                                                                                                                                                                                                                                                                                                                                                                                                                                                                                                                                                                                                                                                                                                                                                                                                                                                                                                                                                                                                                                                                                                                                                                                                                                                                                                                                                                                                                                                                                                                                                                                                                                                                                                                                                                                                                                                                                                                                                                                                                                                                                                                                                                                                                                                                                                                                                                                                                                                                                                                                                                                                                                                                                                                                                                                                                                                                                                                                                                                                                                                                                                                                                                                                                                                                                                                                                                                                                                                                                                                                                                                                                                                                                                                                                                                                                                                                                                                                                                                                                                                                                                                                                                                                                                                                                                                                                                                                                                                                                                                                                                                                                                                                                                                                                                                                                                                                                                                                                                                                                                                                                                                                                                                                                                                                                                                                                                                                                                                                                                                                                                                                                                                                                                                                                                                                                                                                                                                                                                                                                                                                                                                                                                                                                                                                                                                                                                                                                                                                                                                                                                                                                                                                                                                                                                                                                                                                                                                                                                                                                                                                                                                                                                                                                                                                                                                                                                                                                                                                                                                                                                                                                                                                                                                                                                                                                                                                                                                                                                                                                                                                                                                                                                                                                                                                                                                                                                                                                                                                                                                                                                                                                                                                                                                                                                                                                                                                                                                                                                                                                                                                                                                                                                                                                                                                                                                                                                                                                                                                                                                                                                                                                                                                                                                                                                                                                                                                                                                                                                                                                                                                                                                                                                                                                                                                                                                                                                                                                                                                                                                                                                                                                                                                                                                                                                                                                                                                                                                                                                                                                                                                                                                                                                                                                                                                                                                                                                                                                                                                                                                                                                                                                                                                                                                                                                                                                                                                                                                                                                                                                                                                                                                                                                                                                                                                                                                                                                                                                                                                                                                                                                                                                                                                                                                                                                                                                                                                                                                                                                                                                                                                                                                                                                                                                                                                                                                                                                                                                                                                                                                                                                                                                                                                                                                                                                                                                                                                                                                                                                                                                                                                                                                                                                                                                                                                                                                                                                                                                                                                                                                                                                                                                                                                                                                                                                                                                                                                                                                                                                                                                                                                                                                                                                                                                                                                                                                                                                                                                                                                                                                                                                                                                                                                                                                                                                                                                                                                                                                                                                                                                                                                                                                                                                                                                                                                                                                                                                                                                                                                                                                                                                                                                                                                                                                                                                                                                                                                                                                                                                                                                                                                                                                                                                                                                                                                                                                                                                                                                                                                                                                                                                                                                                                                                                                                                                                                                                                                                                                                                                                                                                                                                                                                                                                                                                                                                                                                                                                                                                                                                                                                                                                                                                                                                                                                                                                                                                                                                                                                                                                                                                                                                                                                                                                                                                                                                                                                                                                                                                                                                                                                                                                                                                                                                                                                                                                                                                                                                                                                                                                                                                                                                                                                                                                                                                                                                                                                                                                                                                                                                                                                                                                                                                                                                                                                                                                                                                                                                                                                                                                                                                                                                                                                                                                                                                                                                                                                                                                                                                                                                                                                                                                                                                                                                                                                                                                                                                                                                                                                                                                                                                                                                                                                                                                                                                                                                                                                                                                                                                                                                                                                                                                                                                                                                                                                                                                                                                                                                                                                                                                                                                                                                                                                                                                                                                                                                                                                                                                                                                                                                                                                                                                                                                                                                                                                                                                                                                                                                                                                                                                                                                                                                                                                                                                                                                                                                                                                                                                                                                                                                                                                                                                                                                                                                                                                                                                                                                                                                                                                                                                                                                                                                                                                                                                                                                                                                                                                                                                                                                                                                                                                                                                                                                                                                                                                                                                                                                                                                                                                                                                                                                                                                                                                                                                                                                                                                                                                                                                                                                                                                                                                                                                                                                                                                                                                                                                                                                                                                                                                                                                                                                                                                                                                                                                                                                                                                                                                                                                                                                                                                                                                                                                                                                                                                                                                                                                                                                                                                                                                                                                                                                                                                                                                                                                                                                                                                                                                                                                                                                                                                                                                                                                                                                                                                                                                                                                                                                                                                                                                                                                                                                                                                                                                                                                                                                                                                                                                                                                                                                                                                                                                                                                                                                                                                                                                                                                                                                                                                                                                                                                                                                                                                                                                                                                                                                                                                                                                                                                                                                                                                                                                                                                                                                                                                                                                                                                                                                                                                                                                                                                                                                                                                                                                                                                                                                                                                                                                                                                                                                                                                                                                                                                                                                                                                                                                                                                                                                                                                                                                                                                                                                                                                                                                                                                                                                                                                                                                                                                                                                                                                                                                                                                                                                                                                                                                                                                                                                                                                                                                                                                                                                                                                                                                                                                                                                                                                                                                                                                                                                                                                                                                                                                                                                                                                                                                                                                                                                                                                                                                                                                                                                                                                                                                                                                                                                                                                                                                                                                                                                                                                                                                                                                                                                                                                                                                                                                                                                                                                                                                                                                                                                                                                                                                                                                                                                                                                                                                                                                                                                                                                                                                                                                                                                                                                                                                                                                                                                                                                                                                                                                                                                                                                                                                                                                                                                                                                                                                                                                                                                                                                                                                                                                                                                                                                                                                                                                                                                                                                                                                                                                                                                                                                                                                                                                                                                                                                                                                                                                                                                                                                                                                                                                                                                                                                                                                                                                                                                                                                                                                                                                                                                                                                                                                                                                                                                                                                                                                                                                                                                                                                                                                                                                                                                                                                                                                                                                                                                                                                                                                                                                                                                                                                                                                                                                                                                                                                                                                                                                                                                                                                                                                                                                                                                                                                                                                                                                                                                                                                                                                                                                                                                                                                                                                                                                                                                                                                                                                                                                                                                                                                                                                                                                                                                                                                                                                                                                                                                                                                                                                                                                                                                                                                                                                                                                                                                                                                                                                                                                                                                                                                                                                                                                                                                                                                                                                                                                                                                                                                                                                                                                                                                                                                                                                                                                                                                                                                                                                                                                                                                                                                                                                                                                                                                                                                                                                                                                                                                                                                                                                                                                                                                                                                                                                                                                                                                                                                                                                                                                                                                                                                                                                                                                                                                                                                                                                                                                                                                                                                                                                                                                                                                                                                                                                                                                                                                                                                                                                                                                                                                                                                                                                                                                                                                                                                                                                                                                                                                                                                                                                                                                                                                                                                                       2025/11/06 18:27:43.582, 0 MiB
2025/11/06 18:27:44.621, 0 MiB
2025/11/06 18:27:45.660, 0 MiB
2025/11/06 18:27:46.700, 0 MiB
2025/11/06 18:27:47.739, 0 MiB
2025/11/06 18:27:48.778, 0 MiB
2025/11/06 18:27:49.817, 0 MiB
2025/11/06 18:27:50.857, 0 MiB
2025/11/06 18:27:51.896, 0 MiB
2025/11/06 18:27:52.935, 0 MiB
2025/11/06 18:27:53.975, 0 MiB
2025/11/06 18:27:55.014, 0 MiB
2025/11/06 18:27:56.054, 0 MiB
2025/11/06 18:27:57.094, 0 MiB
2025/11/06 18:27:58.134, 0 MiB
2025/11/06 18:27:59.174, 0 MiB
2025/11/06 18:28:00.214, 0 MiB
2025/11/06 18:28:01.254, 0 MiB
2025/11/06 18:28:02.294, 0 MiB
2025/11/06 18:28:03.334, 0 MiB
2025/11/06 18:28:04.374, 0 MiB
2025/11/06 18:28:05.414, 0 MiB
2025/11/06 18:28:06.453, 0 MiB
2025/11/06 18:28:07.492, 0 MiB
2025/11/06 18:28:08.532, 0 MiB
2025/11/06 18:28:09.571, 0 MiB
2025/11/06 18:28:10.610, 0 MiB
2025/11/06 18:28:11.650, 0 MiB
2025/11/06 18:28:12.690, 0 MiB
2025/11/06 18:28:13.729, 0 MiB
2025/11/06 18:28:13.564, 0 MiB
2025/11/06 18:28:14.603, 0 MiB
2025/11/06 18:28:15.643, 0 MiB
2025/11/06 18:28:16.682, 0 MiB
2025/11/06 18:28:17.721, 0 MiB
2025/11/06 18:28:18.760, 0 MiB
2025/11/06 18:28:19.799, 0 MiB
2025/11/06 18:28:20.838, 0 MiB
2025/11/06 18:28:21.878, 0 MiB
2025/11/06 18:28:22.918, 0 MiB
2025/11/06 18:28:23.957, 0 MiB
2025/11/06 18:28:24.996, 0 MiB
2025/11/06 18:28:26.035, 0 MiB
2025/11/06 18:28:27.074, 0 MiB
2025/11/06 18:28:28.114, 0 MiB
2025/11/06 18:28:29.154, 0 MiB
2025/11/06 18:28:30.193, 0 MiB
2025/11/06 18:28:31.232, 0 MiB
2025/11/06 18:28:32.272, 0 MiB
2025/11/06 18:28:33.311, 0 MiB
2025/11/06 18:28:34.351, 0 MiB
2025/11/06 18:28:35.390, 0 MiB
2025/11/06 18:28:36.430, 0 MiB
2025/11/06 18:28:37.470, 0 MiB
2025/11/06 18:28:38.509, 0 MiB
2025/11/06 18:28:39.548, 0 MiB
2025/11/06 18:28:40.588, 0 MiB
2025/11/06 18:28:41.627, 0 MiB
2025/11/06 18:28:42.666, 0 MiB
2025/11/06 18:28:43.705, 0 MiB
2025/11/06 18:28:44.744, 0 MiB
2025/11/06 18:28:44.585, 0 MiB
2025/11/06 18:28:45.625, 0 MiB
2025/11/06 18:28:46.664, 0 MiB
2025/11/06 18:28:47.703, 0 MiB
2025/11/06 18:28:48.743, 0 MiB
2025/11/06 18:28:49.782, 0 MiB
2025/11/06 18:28:50.822, 0 MiB
2025/11/06 18:28:51.861, 0 MiB
2025/11/06 18:28:52.900, 0 MiB
2025/11/06 18:28:53.940, 0 MiB
2025/11/06 18:28:54.981, 0 MiB
2025/11/06 18:28:56.022, 0 MiB
2025/11/06 18:28:57.062, 0 MiB
2025/11/06 18:28:58.102, 0 MiB
2025/11/06 18:28:59.143, 0 MiB
2025/11/06 18:29:00.182, 0 MiB
2025/11/06 18:29:01.223, 0 MiB
2025/11/06 18:29:02.263, 0 MiB
2025/11/06 18:29:03.305, 0 MiB
2025/11/06 18:29:04.347, 0 MiB
2025/11/06 18:29:05.389, 0 MiB
2025/11/06 18:29:06.430, 0 MiB
2025/11/06 18:29:07.472, 0 MiB
2025/11/06 18:29:08.514, 0 MiB
2025/11/06 18:29:09.556, 0 MiB
2025/11/06 18:29:10.596, 0 MiB
2025/11/06 18:29:11.635, 0 MiB
2025/11/06 18:29:12.675, 0 MiB
2025/11/06 18:29:13.715, 0 MiB
2025/11/06 18:29:14.755, 0 MiB
2025/11/06 18:29:15.795, 0 MiB
2025/11/06 18:29:15.613, 0 MiB
2025/11/06 18:29:16.653, 0 MiB
2025/11/06 18:29:17.693, 0 MiB
2025/11/06 18:29:18.730, 0 MiB
2025/11/06 18:29:19.766, 0 MiB
2025/11/06 18:29:20.802, 0 MiB
2025/11/06 18:29:21.838, 0 MiB
2025/11/06 18:29:22.875, 0 MiB
2025/11/06 18:29:23.911, 0 MiB
2025/11/06 18:29:24.947, 0 MiB
2025/11/06 18:29:25.983, 0 MiB
2025/11/06 18:29:27.027, 0 MiB
2025/11/06 18:29:28.072, 0 MiB
2025/11/06 18:29:29.118, 0 MiB
2025/11/06 18:29:30.164, 0 MiB
2025/11/06 18:29:31.209, 0 MiB
2025/11/06 18:29:32.254, 0 MiB
2025/11/06 18:29:33.302, 0 MiB
2025/11/06 18:29:34.347, 0 MiB
2025/11/06 18:29:35.389, 0 MiB
2025/11/06 18:29:36.430, 0 MiB
2025/11/06 18:29:37.471, 0 MiB
2025/11/06 18:29:38.513, 0 MiB
2025/11/06 18:29:39.555, 0 MiB
2025/11/06 18:29:40.596, 0 MiB
2025/11/06 18:29:41.638, 0 MiB
2025/11/06 18:29:42.680, 0 MiB
2025/11/06 18:29:43.718, 0 MiB
2025/11/06 18:29:44.757, 0 MiB
2025/11/06 18:29:45.796, 0 MiB
2025/11/06 18:29:46.835, 0 MiB
2025/11/06 18:29:46.639, 0 MiB
2025/11/06 18:29:47.677, 0 MiB
2025/11/06 18:29:48.715, 0 MiB
2025/11/06 18:29:49.754, 0 MiB
2025/11/06 18:29:50.793, 0 MiB
2025/11/06 18:29:51.831, 0 MiB
2025/11/06 18:29:52.871, 0 MiB
2025/11/06 18:29:53.909, 0 MiB
2025/11/06 18:29:54.949, 0 MiB
2025/11/06 18:29:55.988, 0 MiB
2025/11/06 18:29:57.028, 0 MiB
2025/11/06 18:29:58.067, 0 MiB
2025/11/06 18:29:59.106, 0 MiB
2025/11/06 18:30:00.146, 0 MiB
2025/11/06 18:30:01.186, 0 MiB
2025/11/06 18:30:02.225, 0 MiB
2025/11/06 18:30:03.265, 0 MiB
2025/11/06 18:30:04.304, 0 MiB
2025/11/06 18:30:05.343, 0 MiB
2025/11/06 18:30:06.383, 0 MiB
2025/11/06 18:30:07.423, 0 MiB
2025/11/06 18:30:08.463, 0 MiB
2025/11/06 18:30:09.502, 0 MiB
2025/11/06 18:30:10.541, 0 MiB
2025/11/06 18:30:11.581, 0 MiB
2025/11/06 18:30:12.621, 0 MiB
2025/11/06 18:30:13.661, 0 MiB
2025/11/06 18:30:14.701, 0 MiB
2025/11/06 18:30:15.741, 0 MiB
2025/11/06 18:30:16.780, 0 MiB
2025/11/06 18:30:17.819, 0 MiB
2025/11/06 18:30:17.664, 0 MiB
2025/11/06 18:30:18.703, 0 MiB
2025/11/06 18:30:19.742, 0 MiB
2025/11/06 18:30:20.781, 0 MiB
2025/11/06 18:30:21.820, 0 MiB
2025/11/06 18:30:22.859, 0 MiB
2025/11/06 18:30:23.899, 0 MiB
2025/11/06 18:30:24.939, 0 MiB
2025/11/06 18:30:25.978, 0 MiB
2025/11/06 18:30:27.018, 0 MiB
2025/11/06 18:30:28.057, 0 MiB
2025/11/06 18:30:29.097, 0 MiB
2025/11/06 18:30:30.136, 0 MiB
2025/11/06 18:30:31.176, 0 MiB
2025/11/06 18:30:32.215, 0 MiB
2025/11/06 18:30:33.255, 0 MiB
2025/11/06 18:30:34.295, 0 MiB
2025/11/06 18:30:35.334, 0 MiB
2025/11/06 18:30:36.374, 0 MiB
2025/11/06 18:30:37.413, 0 MiB
2025/11/06 18:30:38.452, 0 MiB
2025/11/06 18:30:39.492, 0 MiB
2025/11/06 18:30:40.531, 0 MiB
2025/11/06 18:30:41.570, 0 MiB
2025/11/06 18:30:42.610, 0 MiB
2025/11/06 18:30:43.649, 0 MiB
2025/11/06 18:30:44.688, 0 MiB
2025/11/06 18:30:45.727, 0 MiB
2025/11/06 18:30:46.767, 0 MiB
2025/11/06 18:30:47.806, 0 MiB
2025/11/06 18:30:48.846, 0 MiB
2025/11/06 18:30:49.885, 0 MiB
2025/11/06 18:30:50.925, 0 MiB
2025/11/06 18:30:51.964, 0 MiB
2025/11/06 18:30:53.003, 0 MiB
2025/11/06 18:30:54.042, 0 MiB
2025/11/06 18:30:55.081, 0 MiB
2025/11/06 18:30:56.121, 0 MiB
2025/11/06 18:30:57.160, 0 MiB
2025/11/06 18:30:58.198, 0 MiB
2025/11/06 18:30:59.236, 0 MiB
2025/11/06 18:31:00.275, 0 MiB
2025/11/06 18:31:01.312, 0 MiB
2025/11/06 18:31:02.350, 0 MiB
2025/11/06 18:31:03.388, 0 MiB
2025/11/06 18:31:04.426, 0 MiB
2025/11/06 18:31:03.711, 0 MiB
2025/11/06 18:31:04.749, 0 MiB
2025/11/06 18:31:05.785, 0 MiB
2025/11/06 18:31:06.818, 0 MiB
2025/11/06 18:31:07.852, 0 MiB
2025/11/06 18:31:08.885, 0 MiB
2025/11/06 18:31:09.920, 0 MiB
2025/11/06 18:31:10.954, 0 MiB
2025/11/06 18:31:11.988, 0 MiB
2025/11/06 18:31:13.022, 0 MiB
2025/11/06 18:31:14.060, 0 MiB
2025/11/06 18:31:15.100, 0 MiB
2025/11/06 18:31:16.139, 0 MiB
2025/11/06 18:31:17.178, 0 MiB
2025/11/06 18:31:18.218, 125 MiB
2025/11/06 18:31:19.257, 969 MiB
2025/11/06 18:31:20.296, 1027 MiB
2025/11/06 18:31:21.335, 2321 MiB
2025/11/06 18:31:22.375, 2321 MiB
2025/11/06 18:31:23.414, 2321 MiB
2025/11/06 18:31:24.454, 2321 MiB
2025/11/06 18:31:25.494, 2321 MiB
2025/11/06 18:31:26.534, 2321 MiB
2025/11/06 18:31:27.574, 2321 MiB
2025/11/06 18:31:28.614, 2321 MiB
2025/11/06 18:31:29.653, 2321 MiB
2025/11/06 18:31:30.692, 2321 MiB
2025/11/06 18:31:31.732, 2321 MiB
2025/11/06 18:31:32.772, 2321 MiB
2025/11/06 18:31:33.813, 2321 MiB
2025/11/06 18:31:34.853, 2321 MiB
2025/11/06 18:31:34.734, 2321 MiB
2025/11/06 18:31:35.773, 2321 MiB
2025/11/06 18:31:36.813, 2321 MiB
2025/11/06 18:31:37.853, 2321 MiB
2025/11/06 18:31:38.893, 2321 MiB
2025/11/06 18:31:39.934, 2321 MiB
2025/11/06 18:31:40.974, 2321 MiB
2025/11/06 18:31:42.015, 2321 MiB
2025/11/06 18:31:43.055, 2321 MiB
2025/11/06 18:31:44.095, 2321 MiB
2025/11/06 18:31:45.136, 2321 MiB
2025/11/06 18:31:46.176, 2321 MiB
2025/11/06 18:31:47.216, 2321 MiB
2025/11/06 18:31:48.255, 2321 MiB
2025/11/06 18:31:49.295, 2321 MiB
2025/11/06 18:31:50.334, 2321 MiB
2025/11/06 18:31:51.374, 2321 MiB
2025/11/06 18:31:52.414, 2321 MiB
2025/11/06 18:31:53.453, 2321 MiB
2025/11/06 18:31:54.493, 2321 MiB
2025/11/06 18:31:55.532, 2321 MiB
2025/11/06 18:31:56.571, 2321 MiB
2025/11/06 18:31:57.611, 2321 MiB
2025/11/06 18:31:58.650, 2321 MiB
2025/11/06 18:31:59.690, 2321 MiB
2025/11/06 18:32:00.729, 2321 MiB
2025/11/06 18:32:01.768, 2321 MiB
2025/11/06 18:32:02.807, 2321 MiB
2025/11/06 18:32:03.847, 2321 MiB
2025/11/06 18:32:04.886, 2321 MiB
2025/11/06 18:32:05.925, 2321 MiB
2025/11/06 18:32:05.758, 2321 MiB
2025/11/06 18:32:06.797, 2321 MiB
2025/11/06 18:32:07.837, 2321 MiB
2025/11/06 18:32:08.877, 2321 MiB
2025/11/06 18:32:09.916, 2321 MiB
2025/11/06 18:32:10.955, 2321 MiB
2025/11/06 18:32:11.995, 2321 MiB
2025/11/06 18:32:13.035, 2321 MiB
2025/11/06 18:32:14.074, 2321 MiB
2025/11/06 18:32:15.113, 2321 MiB
2025/11/06 18:32:16.153, 2321 MiB
2025/11/06 18:32:17.192, 2321 MiB
2025/11/06 18:32:18.232, 2321 MiB
2025/11/06 18:32:19.272, 2321 MiB
2025/11/06 18:32:20.311, 2321 MiB
2025/11/06 18:32:21.351, 2321 MiB
2025/11/06 18:32:22.390, 2321 MiB
2025/11/06 18:32:23.430, 2321 MiB
2025/11/06 18:32:24.469, 2321 MiB
2025/11/06 18:32:25.508, 2321 MiB
2025/11/06 18:32:26.548, 2321 MiB
2025/11/06 18:32:27.587, 2321 MiB
2025/11/06 18:32:28.626, 2321 MiB
2025/11/06 18:32:29.666, 2321 MiB
2025/11/06 18:32:30.705, 2321 MiB
2025/11/06 18:32:31.744, 2321 MiB
2025/11/06 18:32:32.784, 2321 MiB
2025/11/06 18:32:33.824, 2321 MiB
2025/11/06 18:32:34.862, 2321 MiB
2025/11/06 18:32:35.901, 2321 MiB
2025/11/06 18:32:36.941, 2321 MiB
2025/11/06 18:32:36.784, 2321 MiB
2025/11/06 18:32:37.824, 2321 MiB
2025/11/06 18:32:38.864, 2321 MiB
2025/11/06 18:32:39.904, 2321 MiB
2025/11/06 18:32:40.943, 2321 MiB
2025/11/06 18:32:41.982, 2321 MiB
2025/11/06 18:32:43.022, 2321 MiB
2025/11/06 18:32:44.062, 2321 MiB
2025/11/06 18:32:45.101, 2321 MiB
2025/11/06 18:32:46.141, 2321 MiB
2025/11/06 18:32:47.180, 2321 MiB
2025/11/06 18:32:48.220, 2321 MiB
2025/11/06 18:32:49.259, 2321 MiB
2025/11/06 18:32:50.298, 2321 MiB
2025/11/06 18:32:51.338, 2321 MiB
2025/11/06 18:32:52.378, 2321 MiB
2025/11/06 18:32:53.417, 2321 MiB
2025/11/06 18:32:54.456, 2321 MiB
2025/11/06 18:32:55.496, 2321 MiB
2025/11/06 18:32:56.535, 2321 MiB
2025/11/06 18:32:57.575, 2321 MiB
2025/11/06 18:32:58.615, 2321 MiB
2025/11/06 18:32:59.655, 2321 MiB
2025/11/06 18:33:00.695, 2321 MiB
2025/11/06 18:33:01.734, 2321 MiB
2025/11/06 18:33:02.775, 2321 MiB
2025/11/06 18:33:03.814, 2321 MiB
2025/11/06 18:33:04.854, 2321 MiB
2025/11/06 18:33:05.894, 2321 MiB
2025/11/06 18:33:06.933, 2321 MiB
2025/11/06 18:33:07.973, 2321 MiB
2025/11/06 18:33:07.814, 2321 MiB
2025/11/06 18:33:08.853, 2321 MiB
2025/11/06 18:33:09.892, 2321 MiB
2025/11/06 18:33:10.931, 2321 MiB
2025/11/06 18:33:11.970, 2321 MiB
2025/11/06 18:33:13.009, 2321 MiB
2025/11/06 18:33:14.049, 2321 MiB
2025/11/06 18:33:15.089, 2321 MiB
2025/11/06 18:33:16.128, 2321 MiB
2025/11/06 18:33:17.168, 2321 MiB
2025/11/06 18:33:18.207, 2321 MiB
2025/11/06 18:33:19.247, 2321 MiB
2025/11/06 18:33:20.287, 2321 MiB
2025/11/06 18:33:21.327, 2321 MiB
2025/11/06 18:33:22.367, 2321 MiB
2025/11/06 18:33:23.408, 2321 MiB
2025/11/06 18:33:24.447, 2321 MiB
2025/11/06 18:33:25.486, 2321 MiB
2025/11/06 18:33:26.526, 2321 MiB
2025/11/06 18:33:27.565, 2321 MiB
2025/11/06 18:33:28.604, 2321 MiB
2025/11/06 18:33:29.644, 2321 MiB
2025/11/06 18:33:30.683, 2321 MiB
2025/11/06 18:33:31.722, 2321 MiB
2025/11/06 18:33:32.762, 2321 MiB
2025/11/06 18:33:33.802, 2321 MiB
2025/11/06 18:33:34.843, 2321 MiB
2025/11/06 18:33:35.884, 2321 MiB
2025/11/06 18:33:36.925, 2321 MiB
2025/11/06 18:33:37.966, 2321 MiB
2025/11/06 18:33:39.008, 2321 MiB
2025/11/06 18:33:38.839, 2321 MiB
2025/11/06 18:33:39.879, 2321 MiB
2025/11/06 18:33:40.920, 2321 MiB
2025/11/06 18:33:41.959, 2321 MiB
2025/11/06 18:33:42.999, 2321 MiB
2025/11/06 18:33:44.039, 2321 MiB
2025/11/06 18:33:45.079, 2321 MiB
2025/11/06 18:33:46.119, 2321 MiB
2025/11/06 18:33:47.158, 2321 MiB
2025/11/06 18:33:48.198, 2321 MiB
2025/11/06 18:33:49.238, 2321 MiB
2025/11/06 18:33:50.279, 2321 MiB
2025/11/06 18:33:51.320, 2321 MiB
2025/11/06 18:33:52.360, 2321 MiB
2025/11/06 18:33:53.401, 2321 MiB
2025/11/06 18:33:54.443, 2321 MiB
2025/11/06 18:33:55.484, 2321 MiB
2025/11/06 18:33:56.526, 2321 MiB
2025/11/06 18:33:57.567, 2321 MiB
2025/11/06 18:33:58.609, 2321 MiB
2025/11/06 18:33:59.651, 2321 MiB
2025/11/06 18:34:00.692, 2321 MiB
2025/11/06 18:34:01.735, 2321 MiB
2025/11/06 18:34:02.777, 2321 MiB
2025/11/06 18:34:03.820, 2321 MiB
2025/11/06 18:34:04.861, 2321 MiB
2025/11/06 18:34:05.903, 2321 MiB
2025/11/06 18:34:06.942, 2321 MiB
2025/11/06 18:34:07.982, 2321 MiB
2025/11/06 18:34:09.021, 2321 MiB
2025/11/06 18:34:10.059, 2321 MiB
2025/11/06 18:34:09.865, 2321 MiB
2025/11/06 18:34:10.904, 2321 MiB
2025/11/06 18:34:11.943, 2321 MiB
2025/11/06 18:34:12.982, 2321 MiB
2025/11/06 18:34:14.021, 2321 MiB
2025/11/06 18:34:15.060, 2321 MiB
2025/11/06 18:34:16.100, 2321 MiB
2025/11/06 18:34:17.139, 2321 MiB
2025/11/06 18:34:18.178, 2321 MiB
2025/11/06 18:34:19.218, 2321 MiB
2025/11/06 18:34:20.257, 2321 MiB
2025/11/06 18:34:21.297, 2321 MiB
2025/11/06 18:34:22.337, 2321 MiB
2025/11/06 18:34:23.377, 2321 MiB
2025/11/06 18:34:24.416, 2321 MiB
2025/11/06 18:34:25.455, 2321 MiB
2025/11/06 18:34:26.494, 2321 MiB
2025/11/06 18:34:27.533, 2321 MiB
2025/11/06 18:34:28.572, 2321 MiB
2025/11/06 18:34:29.611, 2321 MiB
2025/11/06 18:34:30.651, 2321 MiB
2025/11/06 18:34:31.691, 2321 MiB
2025/11/06 18:34:32.731, 2321 MiB
2025/11/06 18:34:33.771, 2321 MiB
2025/11/06 18:34:34.810, 2321 MiB
2025/11/06 18:34:35.850, 2321 MiB
2025/11/06 18:34:36.889, 2321 MiB
2025/11/06 18:34:37.929, 2321 MiB
2025/11/06 18:34:38.969, 2321 MiB
2025/11/06 18:34:40.009, 2321 MiB
2025/11/06 18:34:41.049, 2321 MiB
2025/11/06 18:34:40.891, 2321 MiB
2025/11/06 18:34:41.931, 2321 MiB
2025/11/06 18:34:42.970, 2321 MiB
2025/11/06 18:34:44.010, 2321 MiB
2025/11/06 18:34:45.050, 2321 MiB
2025/11/06 18:34:46.090, 2321 MiB
2025/11/06 18:34:47.129, 2321 MiB
2025/11/06 18:34:48.168, 2321 MiB
2025/11/06 18:34:49.207, 2321 MiB
2025/11/06 18:34:50.246, 2321 MiB
2025/11/06 18:34:51.286, 2321 MiB
2025/11/06 18:34:52.325, 2321 MiB
2025/11/06 18:34:53.365, 2321 MiB
2025/11/06 18:34:54.405, 2321 MiB
2025/11/06 18:34:55.444, 2321 MiB
2025/11/06 18:34:56.484, 2321 MiB
2025/11/06 18:34:57.524, 2321 MiB
2025/11/06 18:34:58.563, 2321 MiB
2025/11/06 18:34:59.603, 2321 MiB
2025/11/06 18:35:00.642, 2321 MiB
2025/11/06 18:35:01.681, 2321 MiB
2025/11/06 18:35:02.721, 2321 MiB
2025/11/06 18:35:03.761, 2321 MiB
2025/11/06 18:35:04.800, 2321 MiB
2025/11/06 18:35:05.839, 2321 MiB
2025/11/06 18:35:06.879, 2321 MiB
2025/11/06 18:35:07.919, 2321 MiB
2025/11/06 18:35:08.958, 2321 MiB
2025/11/06 18:35:09.998, 2321 MiB
2025/11/06 18:35:11.037, 2321 MiB
2025/11/06 18:35:12.076, 2321 MiB
2025/11/06 18:35:11.914, 2321 MiB
2025/11/06 18:35:12.953, 2321 MiB
2025/11/06 18:35:13.993, 2321 MiB
2025/11/06 18:35:15.033, 2321 MiB
2025/11/06 18:35:16.072, 2321 MiB
2025/11/06 18:35:17.113, 2321 MiB
2025/11/06 18:35:18.152, 2321 MiB
2025/11/06 18:35:19.192, 2321 MiB
2025/11/06 18:35:20.232, 2321 MiB
2025/11/06 18:35:21.272, 2321 MiB
2025/11/06 18:35:22.312, 2321 MiB
2025/11/06 18:35:23.352, 2321 MiB
2025/11/06 18:35:24.392, 2321 MiB
2025/11/06 18:35:25.432, 2321 MiB
2025/11/06 18:35:26.472, 2321 MiB
2025/11/06 18:35:27.512, 2321 MiB
2025/11/06 18:35:28.552, 2321 MiB
2025/11/06 18:35:29.593, 2321 MiB
2025/11/06 18:35:30.634, 2321 MiB
2025/11/06 18:35:31.675, 2321 MiB
2025/11/06 18:35:32.716, 2321 MiB
2025/11/06 18:35:33.756, 2321 MiB
2025/11/06 18:35:34.796, 2321 MiB
2025/11/06 18:35:35.837, 2321 MiB
2025/11/06 18:35:36.877, 2321 MiB
2025/11/06 18:35:37.917, 2321 MiB
2025/11/06 18:35:38.958, 2321 MiB
2025/11/06 18:35:39.999, 2321 MiB
2025/11/06 18:35:41.039, 2321 MiB
2025/11/06 18:35:42.080, 2321 MiB
2025/11/06 18:35:43.120, 2321 MiB
2025/11/06 18:35:42.941, 2321 MiB
2025/11/06 18:35:43.982, 2321 MiB
2025/11/06 18:35:45.022, 2321 MiB
2025/11/06 18:35:46.061, 2321 MiB
2025/11/06 18:35:47.100, 2321 MiB
2025/11/06 18:35:48.138, 2321 MiB
2025/11/06 18:35:49.178, 2321 MiB
2025/11/06 18:35:50.217, 2321 MiB
2025/11/06 18:35:51.256, 2321 MiB
2025/11/06 18:35:52.295, 2321 MiB
2025/11/06 18:35:53.337, 2321 MiB
2025/11/06 18:35:54.382, 2321 MiB
2025/11/06 18:35:55.426, 2321 MiB
2025/11/06 18:35:56.470, 2321 MiB
2025/11/06 18:35:57.515, 2321 MiB
2025/11/06 18:35:58.559, 2321 MiB
2025/11/06 18:35:59.603, 2321 MiB
2025/11/06 18:36:00.647, 2321 MiB
2025/11/06 18:36:01.690, 2321 MiB
2025/11/06 18:36:02.733, 2321 MiB
2025/11/06 18:36:03.776, 2321 MiB
2025/11/06 18:36:04.819, 2321 MiB
2025/11/06 18:36:05.862, 2321 MiB
2025/11/06 18:36:06.905, 2321 MiB
2025/11/06 18:36:07.949, 2321 MiB
2025/11/06 18:36:08.992, 2321 MiB
2025/11/06 18:36:10.032, 2321 MiB
2025/11/06 18:36:11.072, 2321 MiB
2025/11/06 18:36:12.111, 2321 MiB
2025/11/06 18:36:13.150, 2321 MiB
2025/11/06 18:36:14.190, 2321 MiB
2025/11/06 18:36:13.970, 2321 MiB
2025/11/06 18:36:15.009, 2321 MiB
2025/11/06 18:36:16.049, 2321 MiB
2025/11/06 18:36:17.088, 2321 MiB
2025/11/06 18:36:18.128, 2321 MiB
2025/11/06 18:36:19.167, 2321 MiB
2025/11/06 18:36:20.207, 2321 MiB
2025/11/06 18:36:21.246, 2321 MiB
2025/11/06 18:36:22.285, 2321 MiB
2025/11/06 18:36:23.325, 2321 MiB
2025/11/06 18:36:24.365, 2321 MiB
2025/11/06 18:36:25.405, 2321 MiB
2025/11/06 18:36:26.445, 2321 MiB
2025/11/06 18:36:27.485, 2321 MiB
2025/11/06 18:36:28.525, 2321 MiB
2025/11/06 18:36:29.564, 2321 MiB
2025/11/06 18:36:30.604, 2321 MiB
2025/11/06 18:36:31.644, 2321 MiB
2025/11/06 18:36:32.684, 2321 MiB
2025/11/06 18:36:33.723, 2321 MiB
2025/11/06 18:36:34.763, 2321 MiB
2025/11/06 18:36:35.803, 2321 MiB
2025/11/06 18:36:36.842, 2321 MiB
2025/11/06 18:36:37.882, 2321 MiB
2025/11/06 18:36:38.922, 2321 MiB
2025/11/06 18:36:39.962, 2321 MiB
2025/11/06 18:36:41.002, 2321 MiB
2025/11/06 18:36:42.041, 2321 MiB
2025/11/06 18:36:43.081, 2321 MiB
2025/11/06 18:36:44.121, 2321 MiB
2025/11/06 18:36:45.161, 2321 MiB
2025/11/06 18:36:44.998, 2321 MiB
2025/11/06 18:36:46.038, 2321 MiB
2025/11/06 18:36:47.078, 2321 MiB
2025/11/06 18:36:48.117, 2321 MiB
2025/11/06 18:36:49.157, 2321 MiB
2025/11/06 18:36:50.197, 2321 MiB
2025/11/06 18:36:51.237, 2321 MiB
2025/11/06 18:36:52.276, 2321 MiB
2025/11/06 18:36:53.316, 2321 MiB
2025/11/06 18:36:54.356, 2321 MiB
2025/11/06 18:36:55.395, 2321 MiB
2025/11/06 18:36:56.435, 2321 MiB
2025/11/06 18:36:57.475, 2321 MiB
2025/11/06 18:36:58.514, 2321 MiB
2025/11/06 18:36:59.554, 2321 MiB
2025/11/06 18:37:00.594, 2321 MiB
2025/11/06 18:37:01.633, 2321 MiB
2025/11/06 18:37:02.673, 2321 MiB
2025/11/06 18:37:03.712, 2321 MiB
2025/11/06 18:37:04.752, 2321 MiB
2025/11/06 18:37:05.792, 2321 MiB
2025/11/06 18:37:06.831, 2321 MiB
2025/11/06 18:37:07.872, 2321 MiB
2025/11/06 18:37:08.912, 2321 MiB
2025/11/06 18:37:09.951, 2321 MiB
2025/11/06 18:37:10.991, 2321 MiB
2025/11/06 18:37:12.031, 2321 MiB
2025/11/06 18:37:13.071, 2321 MiB
2025/11/06 18:37:14.111, 2321 MiB
2025/11/06 18:37:15.151, 2321 MiB
2025/11/06 18:37:16.191, 2321 MiB
2025/11/06 18:37:16.025, 2321 MiB
2025/11/06 18:37:17.065, 2321 MiB
2025/11/06 18:37:18.104, 2321 MiB
2025/11/06 18:37:19.143, 2321 MiB
2025/11/06 18:37:20.183, 2321 MiB
2025/11/06 18:37:21.223, 2321 MiB
2025/11/06 18:37:22.262, 0 MiB
2025/11/06 18:37:23.302, 0 MiB
2025/11/06 18:37:24.342, 0 MiB
2025/11/06 18:37:25.382, 0 MiB
2025/11/06 18:37:26.422, 0 MiB
2025/11/06 18:37:27.461, 0 MiB
2025/11/06 18:37:28.501, 0 MiB
2025/11/06 18:37:29.541, 0 MiB
2025/11/06 18:37:30.580, 0 MiB
2025/11/06 18:37:31.621, 0 MiB
2025/11/06 18:37:32.661, 0 MiB
2025/11/06 18:37:33.701, 0 MiB
2025/11/06 18:37:34.741, 0 MiB
2025/11/06 18:37:35.781, 0 MiB
2025/11/06 18:37:36.821, 0 MiB
2025/11/06 18:37:37.861, 0 MiB
2025/11/06 18:37:38.900, 0 MiB
2025/11/06 18:37:39.941, 0 MiB
2025/11/06 18:37:40.981, 0 MiB
2025/11/06 18:37:42.021, 0 MiB
2025/11/06 18:37:43.061, 0 MiB
2025/11/06 18:37:44.101, 0 MiB
2025/11/06 18:37:45.141, 0 MiB
2025/11/06 18:37:46.180, 0 MiB
2025/11/06 18:37:47.220, 0 MiB
2025/11/06 18:37:47.052, 0 MiB
2025/11/06 18:37:48.092, 0 MiB
2025/11/06 18:37:49.132, 0 MiB
2025/11/06 18:37:50.172, 0 MiB
